{"cameraMode":{"drawMode":0,"name":"Shaded","section":"Shading Mode"},"sceneLighting":false,"audioPlay":false,"sceneViewState":{"showFog":true,"showMaterialUpdate":true,"showSkybox":false,"showFlares":true,"showImageEffects":true,"showParticleSystems":true},"in2DMode":false,"pivot":{"x":-2.1296586990356447,"y":-7.185129165649414,"z":8.364544868469239},"rotation":{"x":0.21381448209285737,"y":-0.06734322011470795,"z":0.01477669645100832,"w":0.9744389057159424},"size":20.48105812072754,"orthographic":false}